Cluster,Query,Observation_Date,Synthetic_Result_Page_Clues,Dominant_Page_Types,Training_Note
Choose Carry-On Organisers,packing cubes singapore,2026-07-15,Shopping block and product-category results with selection copy,Category and product pages,Synthetic snapshot; verify live conditions before real use
Choose Carry-On Organisers,packing cubes for carry on,2026-07-15,Product pages mixed with how-to guides,Category pages and guides,Synthetic snapshot; mixed compare and learn intent
Choose Carry-On Organisers,best packing cubes singapore,2026-07-15,List articles and category pages,Comparison articles and category pages,Superlative requires evidence and editorial care
Pack a Carry-On,carry on packing list,2026-07-15,Checklist snippets and illustrated guides,Guides and checklists,Synthetic snapshot; learn job appears dominant
Pack a Carry-On,what to pack in carry on,2026-07-15,Question answers and airline/travel guides,Guides and reference pages,Travel rules would require fresh authoritative sources
Pack a Carry-On,how to pack a carry on bag,2026-07-15,Step-by-step guides and videos,Guides and videos,Synthetic snapshot; process format
Repair or Reuse Travel Gear,repair packing cube zipper,2026-07-15,Repair tutorials and forum discussions,Support guides and videos,Synthetic snapshot; task completion matters
Repair or Reuse Travel Gear,how to clean packing cubes,2026-07-15,Care guides and brand support pages,Support guides,Supplied care facts can support a bounded page
Repair or Reuse Travel Gear,reusable travel organisers,2026-07-15,Category pages and sustainability-themed guides,Category pages and guides,Do not infer environmental impact without evidence
