Query,Location,Observation_Date,Synthetic_Monthly_Searches,Synthetic_Competition,Source,Evidence_Note
packing cubes singapore,Singapore,2026-07-01,720,Medium,Synthetic Keyword Planner export,Core local product phrase
packing cubes for carry on,Singapore,2026-07-01,390,Medium,Synthetic Keyword Planner export,Combines organiser and carry-on need
how to use packing cubes,Singapore,2026-07-01,260,Low,Synthetic Keyword Planner export,Learning-focused query
best packing cubes singapore,Singapore,2026-07-01,210,High,Synthetic Keyword Planner export,Comparison wording requires careful evidence
travel organiser singapore,Singapore,2026-07-01,170,Medium,Synthetic Keyword Planner export,Broader local product language
carry on packing list,Singapore,2026-07-01,880,Medium,Synthetic Keyword Planner export,Strong guide candidate
what to pack in carry on,Singapore,2026-07-01,590,Medium,Synthetic Keyword Planner export,Question-led guide demand
how to pack a carry on bag,Singapore,2026-07-01,480,Medium,Synthetic Keyword Planner export,Process-oriented query
carry on packing checklist,Singapore,2026-07-01,320,Low,Synthetic Keyword Planner export,Checklist format
organise carry on luggage,Singapore,2026-07-01,140,Low,Synthetic Keyword Planner export,Task-focused phrase
repair packing cube zipper,Singapore,2026-07-01,70,Low,Synthetic Keyword Planner export,Support and repair need
replace zipper pull travel bag,Singapore,2026-07-01,60,Low,Synthetic Keyword Planner export,Specific repair task
how to clean packing cubes,Singapore,2026-07-01,90,Low,Synthetic Keyword Planner export,Care information need
reusable travel organisers,Singapore,2026-07-01,110,Low,Synthetic Keyword Planner export,Reuse-focused category phrase
travel organiser care guide,Singapore,2026-07-01,40,Low,Synthetic Keyword Planner export,Support-page candidate
merliontrail packing cubes,Singapore,2026-07-01,0,Low,Synthetic course record,Synthetic navigation phrase with no live demand claim
cheap packing cubes,Singapore,2026-07-01,260,High,Synthetic Keyword Planner export,Price-led intent not supported by brand source
compression packing cubes,Singapore,2026-07-01,410,High,Synthetic Keyword Planner export,Feature not supplied in approved product facts
